cpu,mem,bw_in,bw_out
0.010306666666666665,121.96881597222216,0.0,0.0
0.010000000000000002,114.25125421626983,0.0,0.0
0.010000000000000002,113.32153645833327,0.0,0.0
0.010266666666666653,119.23786631944444,0.0,0.0
0.010066666666666666,106.03999652777775,0.0,0.0
0.010000000000000002,119.69293750000003,0.0,0.0
0.010000000000000002,80.13473958333334,0.0,0.0
0.010000000000000002,80.69929427083336,0.0,0.0
0.010133333333333333,103.14381063034185,0.0,0.0
0.010438290598290594,100.99280408653846,0.0,0.0
0.010000000000000002,104.67445052083336,0.0,0.0
0.010000000000000002,113.77635243055555,0.0,0.0
0.010124999999999995,124.23251829117069,0.0,0.0
0.010000000000000002,114.6869592013889,0.0,0.0
0.010000000000000002,110.59077170138885,0.0,0.0
0.010000000000000002,127.88482552083326,0.0,0.0
0.010173333333333317,124.69928125,0.0,0.0
0.010033333333333333,134.8574175347223,0.0,0.0
0.01017412587412587,93.24390677941847,0.0,0.0
0.010000000000000002,102.85385937499997,0.0,0.0
0.010000000000000002,116.05197135416658,0.0,0.0
0.010235555555555519,125.20375012400795,0.0,0.0
0.009993333333333332,100.57832118055556,0.0,0.0
0.009973333333333311,115.59708246527784,0.0,0.0
0.01002619047619048,92.83374863591268,0.0,0.0
0.010066666666666668,125.47045994543652,0.0,0.0
0.010146666666666661,117.43562499999999,0.0,0.0
0.010000000000000002,101.4886137152778,0.0,0.0
0.010313703703703676,118.7827439236111,0.0,0.0
0.010000000000000002,119.23803385416664,0.0,0.0
0.010000000000000002,118.32767708333333,0.0,0.0
0.010000000000000002,100.57810850694439,0.0,0.0
0.010000000000000002,111.04573437499998,0.0,0.0
0.010000000000000002,118.32758680555553,0.0,0.0
0.010000000000000002,109.71701302083333,0.0,0.0
0.010000000000000002,114.25125421626983,0.0,0.0
0.01015111111111111,126.64702256944447,0.0,0.0
0.010000000000000002,131.53393514384916,0.0,0.0
0.010740476190476191,111.48550427827375,0.0,0.0
0.010000000000000002,110.13556510416662,0.0,0.0
0.010000000000000002,97.8295190972222,0.0,0.0
0.009993333333333332,127.44798090277783,0.0,0.0
0.01021861111111111,106.11860134548607,0.0,0.0
0.01007905982905983,91.02106997863248,0.0,0.0
0.010000000000000002,114.68677951388885,0.0,0.0
0.010033333333333333,130.14225347222217,0.0,0.0
0.010453333333333325,87.16206423611109,0.0,0.0
0.010394871794871793,122.87882638888892,0.0,0.0
